Timestamp,Latitude,Longitude,Accelerometer_x,Accelerometer_y,Accelerometer_z,Orientation_azimuth,Orientation_pitch,Orientation_roll,Light
2025-05-28 19:42:36.833,-3,-3,-9.052347,3.1746774,2.757429,327.57257,-57.22208,-70.926636,110.0250015258789
2025-05-28 19:42:37.835,-3,-3,-7.804191,4.366004,4.0310087,327.2622,-57.492184,-71.56473,87.00749969482422
2025-05-28 19:42:39.070,-3,-3,-8.211868,1.4491532,3.5075788,336.02386,-22.580412,-66.88553,54.000003814697266
2025-05-28 19:42:39.834,-3,-3,-8.367103,0.619442,5.1553364,345.04303,-6.618536,-58.524715,68.98500061035156
2025-05-28 19:42:40.844,-3,-3,-8.362317,0.6230312,5.1619167,345.01605,-6.8231764,-58.250694,68.98500061035156
2025-05-28 19:42:41.836,-3,-3,-8.359625,0.6197411,5.156533,345.00052,-6.8110127,-58.251175,68.98500061035156
2025-05-28 19:42:42.838,-3,-3,-8.360522,0.62452674,5.1619167,344.98495,-6.798836,-58.25161,68.98500061035156
2025-05-28 19:42:43.841,-3,-3,-8.350951,0.62452674,5.1610193,344.96902,-6.786324,-58.25219,68.98500061035156
2025-05-28 19:42:44.841,-3,-3,-7.348059,0.8808578,6.250651,343.75592,-8.227789,-47.113735,68.98500061035156
2025-05-28 19:42:45.836,-3,-3,-6.38435,1.1817553,7.376773,344.54898,-9.057288,-40.51514,81
2025-05-28 19:42:46.835,-3,-3,-6.3867426,1.1811571,7.375876,344.53973,-9.047679,-40.515697,81
2025-05-28 19:42:47.848,-3,-3,-6.3882384,1.1805589,7.372287,344.53265,-9.040643,-40.515854,81
2025-05-28 19:42:48.849,-3,-3,-6.3792653,1.1814562,7.3869424,344.57224,-9.157095,-40.379726,81
2025-05-28 19:42:49.857,-3,-3,-6.36102,1.1877373,7.3863444,344.60223,-9.204757,-40.37582,81
2025-05-28 19:42:50.850,-3,-3,-6.367002,1.1910275,7.3839517,344.61765,-9.186821,-40.426285,81
2025-05-28 19:42:51.856,-3,-3,-6.3658056,1.1928221,7.373483,344.61755,-9.188467,-40.427452,81
2025-05-28 19:42:52.852,-3,-3,-6.364908,1.1928221,7.3773713,344.61755,-9.188467,-40.427452,81
2025-05-28 19:42:53.850,-3,-3,-6.3622165,1.1871392,7.37438,344.61755,-9.188467,-40.427452,81
2025-05-28 19:42:54.850,-3,-3,-6.3664036,1.1910275,7.3660054,344.61755,-9.188467,-40.427452,81
2025-05-28 19:42:55.852,-3,-3,-6.3687963,1.1904292,7.365407,344.61755,-9.188467,-40.427452,81
2025-05-28 19:42:56.848,-3,-3,-6.3622165,1.1910275,7.3660054,344.61755,-9.188467,-40.427452,81
2025-05-28 19:42:57.852,-3,-3,-6.3643103,1.1895319,7.3660054,344.61755,-9.188467,-40.427452,81
2025-05-28 19:42:58.850,-3,-3,-6.3550377,1.195514,7.373483,344.6387,-9.217797,-40.41161,72.9675064086914
2025-05-28 19:42:59.884,-3,-3,-6.349953,1.1979069,7.3773713,344.64697,-9.22023,-40.372055,72.9675064086914
2025-05-28 19:43:00.850,-3,-3,-6.347261,1.1943176,7.3782687,344.64484,-9.219544,-40.370598,82.01250457763672
2025-05-28 19:43:01.839,-3,-3,-6.34427,1.1952149,7.3776703,344.63727,-9.211839,-40.37081,82.01250457763672
2025-05-28 19:43:02.857,-3,-3,-6.349953,1.1961123,7.373782,344.63446,-9.209074,-40.370365,82.01250457763672
2025-05-28 19:43:03.854,-3,-3,-6.343074,1.1919248,7.3773713,344.63446,-9.209074,-40.370365,82.01250457763672
2025-05-28 19:43:04.852,-3,-3,-6.352047,1.1943176,7.373483,344.63446,-9.209074,-40.370365,82.01250457763672
2025-05-28 19:43:05.911,-3,-3,-6.349953,1.1904292,7.373483,344.63446,-9.209074,-40.370365,82.01250457763672
2025-05-28 19:43:06.845,-3,-3,-6.3454666,1.1943176,7.3749785,344.63446,-9.209074,-40.370365,82.01250457763672
2025-05-28 19:43:07.855,-3,-3,-6.3421764,1.1943176,7.3770723,344.63446,-9.209074,-40.370365,82.01250457763672
2025-05-28 19:43:08.857,-3,-3,-6.346663,1.1907284,7.3773713,344.63446,-9.209074,-40.370365,82.01250457763672
2025-05-28 19:43:10.206,-3,-3,-6.3385873,1.1958131,7.391429,344.64914,-9.221975,-40.27907,82.01250457763672
2025-05-28 19:43:10.854,-3,-3,-6.341279,1.1964114,7.3776703,344.6344,-9.215431,-40.324047,82.01250457763672
2025-05-28 19:43:11.855,-3,-3,-6.343074,1.198505,7.3776703,344.63104,-9.212028,-40.317616,82.01250457763672
2025-05-28 19:43:12.859,-3,-3,-6.344868,1.1988041,7.3779697,344.6236,-9.203776,-40.322796,82.01250457763672
2025-05-28 19:43:13.871,-3,-3,-6.343074,1.1916257,7.379166,344.61288,-9.192837,-40.323605,82.01250457763672
2025-05-28 19:43:14.869,-3,-3,-6.343074,1.1907284,7.3779697,344.60297,-9.182514,-40.324368,82.01250457763672
2025-05-28 19:43:15.895,-3,-3,-6.3493547,1.1967105,7.385148,344.60794,-9.207645,-40.322483,82.01250457763672
2025-05-28 19:43:16.862,-3,-3,-6.335895,1.1979069,7.379764,344.5997,-9.233066,-40.305016,82.01250457763672
2025-05-28 19:43:17.880,-3,-3,-6.341279,1.1943176,7.3773713,344.5968,-9.225325,-40.316322,82.01250457763672
2025-05-28 19:43:18.876,-3,-3,-6.344868,1.2008978,7.382157,344.58725,-9.211687,-40.319214,82.01250457763672
2025-05-28 19:43:19.902,-3,-3,-6.3403816,1.1997014,7.3803625,344.58066,-9.204936,-40.319504,82.01250457763672
2025-05-28 19:43:20.882,-3,-3,-6.343373,1.2000005,7.376773,344.58066,-9.204936,-40.319504,82.01250457763672
2025-05-28 19:43:21.898,-3,-3,-6.3451676,1.1976078,7.3728848,344.58066,-9.204936,-40.319504,82.01250457763672
2025-05-28 19:43:22.877,-3,-3,-6.3481584,1.1943176,7.361818,344.5813,-9.208134,-40.461792,82.01250457763672
2025-05-28 19:43:23.883,-3,-3,-6.35773,1.2008978,7.3639116,344.58118,-9.23309,-40.414577,82.01250457763672
2025-05-28 19:43:24.909,-3,-3,-6.3478594,1.1949158,7.3782687,344.5799,-9.238425,-40.43871,82.01250457763672
2025-05-28 19:43:25.882,-3,-3,-6.3538413,1.1979069,7.370791,344.57507,-9.233365,-40.417027,82.01250457763672
2025-05-28 19:43:26.870,-3,-3,-6.3604217,1.2002996,7.3752775,344.58887,-9.260591,-40.463665,82.01250457763672
2025-05-28 19:43:27.906,-3,-3,-6.3604217,1.1991032,7.3603225,344.58392,-9.251961,-40.411568,82.01250457763672
2025-05-28 19:43:28.884,-3,-3,-6.3544397,1.1907284,7.370193,344.58032,-9.228679,-40.412888,82.01250457763672
2025-05-28 19:43:29.885,-3,-3,-6.348458,1.198206,7.375876,344.58118,-9.235821,-40.40924,82.01250457763672
2025-05-28 19:43:30.888,-3,-3,-6.349654,1.2047862,7.379465,344.58453,-9.260011,-40.393295,82.01250457763672
2025-05-28 19:43:31.908,-3,-3,-6.3326054,1.1952149,7.3893356,344.60413,-9.271748,-40.45559,82.01250457763672
2025-05-28 19:43:32.886,-3,-3,-6.352047,1.1964114,7.3639116,344.59796,-9.250122,-40.40003,82.01250457763672
2025-05-28 19:43:33.873,-3,-3,-6.347261,1.2020943,7.3752775,344.61896,-9.260088,-40.347507,82.01250457763672
2025-05-28 19:43:34.883,-3,-3,-6.348458,1.198505,7.365108,344.6197,-9.234113,-40.361595,82.01250457763672
2025-05-28 19:43:35.887,-3,-3,-6.349056,1.1958131,7.372586,344.61823,-9.240862,-40.35631,82.01250457763672
2025-05-28 19:43:36.876,-3,-3,-6.3451676,1.1949158,7.379465,344.61362,-9.215366,-40.366432,82.01250457763672
2025-05-28 19:43:37.875,-3,-3,-6.3628144,1.2080764,7.355537,344.60394,-9.240202,-40.34495,82.01250457763672
2025-05-28 19:43:38.885,-3,-3,-6.352944,1.1979069,7.3809605,344.602,-9.21859,-40.331127,82.01250457763672
2025-05-28 19:43:39.876,-3,-3,-6.348458,1.2020943,7.3893356,344.59875,-9.222234,-40.31504,82.01250457763672
2025-05-28 19:43:40.887,-3,-3,-6.364011,1.1536397,7.3869424,344.601,-9.223888,-40.330982,82.01250457763672
2025-05-28 19:43:41.889,-3,-3,-6.350252,1.2002996,7.3827553,344.5977,-9.229168,-40.31585,82.01250457763672
2025-05-28 19:43:42.879,-3,-3,-6.352346,1.2002996,7.3752775,344.60272,-9.239459,-40.326168,82.01250457763672
2025-05-28 19:43:43.891,-3,-3,-6.3514485,1.2026925,7.381559,344.60272,-9.209961,-40.319187,82.01250457763672
2025-05-28 19:43:44.880,-3,-3,-6.3424754,1.1952149,7.385148,344.6126,-9.21316,-40.31496,82.01250457763672
2025-05-28 19:43:45.916,-3,-3,-6.3508506,1.198505,7.385447,344.60114,-9.218478,-40.3265,82.01250457763672
2025-05-28 19:43:46.882,-3,-3,-6.3508506,1.1967105,7.370492,344.59625,-9.214752,-40.366924,82.01250457763672
2025-05-28 19:43:47.895,-3,-3,-6.358627,1.2026925,7.37438,344.59805,-9.234835,-40.341976,82.01250457763672
2025-05-28 19:43:48.893,-3,-3,-6.349056,1.2020943,7.379166,344.59146,-9.224731,-40.321556,82.01250457763672
2025-05-28 19:43:49.914,-3,-3,-6.350252,1.2014961,7.382456,344.6018,-9.213465,-40.34807,82.01250457763672
2025-05-28 19:43:50.894,-3,-3,-6.332306,1.1943176,7.367202,344.58942,-9.219341,-40.34539,82.01250457763672
2025-05-28 19:43:51.883,-3,-3,-6.350252,1.1979069,7.3782687,344.59457,-9.22397,-40.343586,82.01250457763672
2025-05-28 19:43:52.895,-3,-3,-6.3517475,1.1967105,7.379465,344.58688,-9.2233,-40.338314,82.01250457763672
2025-05-28 19:43:53.894,-3,-3,-6.349056,1.1949158,7.376175,344.58398,-9.220653,-40.35835,82.01250457763672
2025-05-28 19:43:54.895,-3,-3,-6.3604217,1.2053844,7.3776703,344.57135,-9.21503,-40.35699,82.01250457763672
2025-05-28 19:43:55.913,-3,-3,-6.3457656,1.2011969,7.385148,344.5677,-9.212491,-40.305264,14.985000610351562
2025-05-28 19:43:56.893,-3,-3,-6.3290157,1.1907284,7.3845496,344.5813,-9.233858,-40.300728,78.97500610351562
2025-05-28 19:43:57.884,-3,-3,-6.3388863,1.195514,7.381858,344.57074,-9.2158785,-40.31003,78.97500610351562
2025-05-28 19:43:58.897,-3,-3,-6.3478594,1.1940185,7.37109,344.57352,-9.228301,-40.325966,78.97500610351562
2025-05-28 19:43:59.897,-3,-3,-6.346663,1.1964114,7.370492,344.57355,-9.22848,-40.3259,78.97500610351562
2025-05-28 19:44:00.969,-3,-3,-6.3478594,1.1991032,7.372586,344.58505,-9.225198,-40.35067,78.97500610351562
2025-05-28 19:44:01.917,-3,-3,-6.34098,1.1949158,7.3719873,344.58173,-9.217938,-40.351967,78.97500610351562
2025-05-28 19:44:02.906,-3,-3,-6.343373,1.1961123,7.37438,344.57794,-9.21424,-40.3518,78.97500610351562
2025-05-28 19:44:03.886,-3,-3,-6.3394847,1.1913266,7.373483,344.57794,-9.21424,-40.3518,78.97500610351562
2025-05-28 19:44:04.902,-3,-3,-6.366703,1.1724831,7.452147,344.58304,-9.2205305,-40.372845,78.97500610351562
2025-05-28 19:44:05.900,-3,-3,-6.363712,1.1952149,7.3579297,344.60388,-9.2361355,-40.29073,78.97500610351562
2025-05-28 19:44:06.896,-3,-3,-6.3771715,1.2269198,7.36122,344.60645,-9.249017,-40.293808,78.97500610351562
2025-05-28 19:44:07.916,-3,-3,-6.3397837,1.2011969,7.381858,344.614,-9.25389,-40.295357,78.97500610351562
2025-05-28 19:44:08.902,-3,-3,-6.3394847,1.2032907,7.381858,344.60574,-9.245364,-40.295753,78.97500610351562
2025-05-28 19:44:09.899,-3,-3,-6.337391,1.2020943,7.382456,344.59787,-9.23756,-40.29594,78.97500610351562
2025-05-28 19:44:11.263,-3,-3,-6.34427,1.2044871,7.3803625,344.59055,-9.229911,-40.296223,78.97500610351562
2025-05-28 19:44:11.902,-3,-3,-6.3385873,1.1991032,7.3827553,344.58307,-9.222373,-40.296383,78.97500610351562
2025-05-28 19:44:12.898,-3,-3,-6.3397837,1.1934203,7.3830543,344.58307,-9.222373,-40.296383,78.97500610351562
2025-05-28 19:44:13.900,-3,-3,-6.3385873,1.1940185,7.3770723,344.58307,-9.222373,-40.296383,78.97500610351562
2025-05-28 19:44:14.903,-3,-3,-6.3403816,1.2000005,7.382456,344.58307,-9.222373,-40.296383,78.97500610351562
2025-05-28 19:44:15.904,-3,-3,-6.3424754,1.1991032,7.3803625,344.58307,-9.222373,-40.296383,78.97500610351562
2025-05-28 19:44:16.900,-3,-3,-6.3388863,1.1943176,7.3827553,344.58307,-9.222373,-40.296383,78.97500610351562
2025-05-28 19:44:17.903,-3,-3,-6.340681,1.2014961,7.385148,344.58307,-9.222373,-40.296383,78.97500610351562
2025-05-28 19:44:18.919,-3,-3,-6.3278193,1.2095718,7.4129643,344.63824,-9.289478,-40.24493,78.97500610351562
2025-05-28 19:44:19.890,-3,-3,-6.3314085,1.1997014,7.387541,344.58148,-9.250696,-40.22923,78.97500610351562
2025-05-28 19:44:20.904,-3,-3,-6.328418,1.2050853,7.387541,344.58655,-9.252618,-40.233494,78.97500610351562
2025-05-28 19:44:21.905,-3,-3,-6.3382883,1.2242279,7.3953176,344.5774,-9.230215,-40.21426,78.97500610351562
2025-05-28 19:44:22.958,-3,-3,-6.334998,1.2023934,7.389036,344.58414,-9.232167,-40.215034,78.97500610351562
2025-05-28 19:44:23.893,-3,-3,-6.3338017,1.2035898,7.391429,344.59778,-9.256636,-40.218372,78.97500610351562
2025-05-28 19:44:24.908,-3,-3,-6.334998,1.1961123,7.390532,344.59018,-9.248907,-40.21851,78.97500610351562
2025-05-28 19:44:25.905,-3,-3,-6.3329043,1.1979069,7.3896346,344.58453,-9.243342,-40.218254,78.97500610351562
2025-05-28 19:44:26.909,-3,-3,-6.334998,1.2071791,7.3950186,344.57645,-9.235029,-40.21853,78.97500610351562
2025-05-28 19:44:27.923,-3,-3,-6.3338017,1.2032907,7.3893356,344.57297,-9.23155,-40.21835,78.97500610351562
2025-05-28 19:44:28.904,-3,-3,-6.3385873,1.2032907,7.3959155,344.57388,-9.231835,-40.209263,78.97500610351562
2025-05-28 19:44:29.906,-3,-3,-6.3311095,1.2005987,7.3920274,344.58496,-9.230551,-40.21363,78.97500610351562
2025-05-28 19:44:30.914,-3,-3,-6.349953,1.1937194,7.347461,344.59485,-9.228516,-40.210407,78.97500610351562
2025-05-28 19:44:31.928,-3,-3,-6.315556,1.172184,7.387242,344.60748,-9.234397,-40.227253,78.97500610351562
2025-05-28 19:44:32.909,-3,-3,-6.3361945,1.2044871,7.3899336,344.6128,-9.2249565,-40.22225,78.97500610351562
2025-05-28 19:44:33.932,-3,-3,-6.3418775,1.2038889,7.394121,344.62378,-9.236841,-40.207752,78.97500610351562
2025-05-28 19:44:34.909,-3,-3,-6.3454666,1.2092727,7.3893356,344.62714,-9.231985,-40.25209,78.97500610351562
2025-05-28 19:44:35.912,-3,-3,-6.337391,1.2032907,7.389036,344.63342,-9.236397,-40.240795,78.97500610351562
2025-05-28 19:44:36.912,-3,-3,-6.3326054,1.1964114,7.383353,344.65308,-9.241817,-40.22445,78.97500610351562
2025-05-28 19:44:37.912,-3,-3,-6.3346987,1.1976078,7.38784,344.65552,-9.212167,-40.207058,78.97500610351562
2025-05-28 19:44:38.913,-3,-3,-6.335895,1.1958131,7.387541,344.6693,-9.233571,-40.222443,78.97500610351562
2025-05-28 19:44:39.903,-3,-3,-6.3257256,1.2062817,7.392925,344.67862,-9.240658,-40.221306,51.03000259399414
2025-05-28 19:44:40.915,-3,-3,-6.331708,1.1991032,7.390532,344.67566,-9.235637,-40.210938,82.01250457763672
2025-05-28 19:44:41.916,-3,-3,-6.3346987,1.1997014,7.391429,344.66675,-9.226523,-40.2114,82.01250457763672
2025-05-28 19:44:42.917,-3,-3,-6.329315,1.2000005,7.390532,344.67084,-9.226641,-40.223682,82.01250457763672
2025-05-28 19:44:43.929,-3,-3,-6.329913,1.2014961,7.393822,344.66248,-9.226212,-40.215454,82.01250457763672
2025-05-28 19:44:44.920,-3,-3,-6.3332033,1.2014961,7.3950186,344.6526,-9.215881,-40.216103,82.01250457763672
2025-05-28 19:44:45.921,-3,-3,-6.3290157,1.198505,7.39442,344.643,-9.206258,-40.2167,82.01250457763672
2025-05-28 19:44:46.912,-3,-3,-6.3308105,1.2020943,7.396514,344.64087,-9.2041,-40.216812,82.01250457763672
2025-05-28 19:44:47.915,-3,-3,-6.3197436,1.2000005,7.390532,344.64673,-9.223112,-40.20089,82.01250457763672
2025-05-28 19:44:48.914,-3,-3,-6.3314085,1.2032907,7.3989067,344.6684,-9.244647,-40.20069,82.01250457763672
2025-05-28 19:44:49.950,-3,-3,-6.3314085,1.2053844,7.3917284,344.67203,-9.247409,-40.212536,82.01250457763672
2025-05-28 19:44:50.931,-3,-3,-6.3308105,1.1859428,7.4072814,344.67953,-9.236262,-40.183327,82.01250457763672
2025-05-28 19:44:51.929,-3,-3,-6.3400826,1.2059826,7.3809605,344.69836,-9.24668,-40.2122,82.01250457763672
2025-05-28 19:44:52.931,-3,-3,-6.343672,1.2047862,7.3983083,344.70544,-9.239672,-40.225388,82.01250457763672
2025-05-28 19:44:53.963,-3,-3,-6.3326054,1.2002996,7.393822,344.71744,-9.224264,-40.198345,82.01250457763672
2025-05-28 19:44:54.998,-3,-3,-6.341279,1.2038889,7.385148,344.74115,-9.266991,-40.267704,82.01250457763672
2025-05-28 19:44:55.932,-3,-3,-6.335596,1.1991032,7.3950186,344.73172,-9.248676,-40.229534,82.01250457763672
2025-05-28 19:44:56.946,-3,-3,-6.3332033,1.2023934,7.396514,344.72495,-9.237136,-40.217594,82.01250457763672
2025-05-28 19:44:57.934,-3,-3,-6.335297,1.2002996,7.396215,344.7198,-9.230392,-40.197247,82.01250457763672
2025-05-28 19:44:58.938,-3,-3,-6.3290157,1.2026925,7.3992057,344.7136,-9.224424,-40.197426,82.01250457763672
2025-05-28 19:44:59.939,-3,-3,-6.328418,1.2023934,7.396215,344.70847,-9.219053,-40.197628,82.01250457763672
2025-05-28 19:45:00.937,-3,-3,-6.328418,1.2023934,7.3950186,344.70847,-9.219053,-40.197628,82.01250457763672
2025-05-28 19:45:01.962,-3,-3,-6.335297,1.1988041,7.39442,344.7017,-9.20911,-40.18902,72.9675064086914
2025-05-28 19:45:02.943,-3,-3,-6.3278193,1.2026925,7.3977103,344.73795,-9.224953,-40.20393,72.9675064086914
2025-05-28 19:45:03.938,-3,-3,-6.3532434,1.1964114,7.37109,344.75195,-9.243913,-40.224567,82.01250457763672
2025-05-28 19:45:04.941,-3,-3,-6.331708,1.2023934,7.396813,344.74493,-9.235433,-40.217422,82.01250457763672
2025-05-28 19:45:05.938,-3,-3,-6.332306,1.2071791,7.396215,344.7458,-9.236391,-40.200603,82.01250457763672
2025-05-28 19:45:06.935,-3,-3,-6.324529,1.2023934,7.3863444,344.74344,-9.230677,-40.203125,82.01250457763672
2025-05-28 19:45:07.959,-3,-3,-6.3341007,1.2023934,7.3917284,344.73538,-9.218712,-40.20779,82.01250457763672
2025-05-28 19:45:08.932,-3,-3,-6.329315,1.2014961,7.3959155,344.72888,-9.227438,-40.19327,82.01250457763672
2025-05-28 19:45:10.281,-3,-3,-6.33769,1.2038889,7.4030943,344.71948,-9.200612,-40.149487,82.01250457763672
2025-05-28 19:45:10.932,-3,-3,-6.334998,1.1967105,7.3845496,344.73053,-9.228657,-40.212036,82.01250457763672
2025-05-28 19:45:11.930,-3,-3,-6.3308105,1.1961123,7.392925,344.7292,-9.234411,-40.19598,82.01250457763672
2025-05-28 19:45:12.939,-3,-3,-6.3400826,1.2059826,7.3869424,344.7352,-9.250379,-40.218838,82.01250457763672
2025-05-28 19:45:13.957,-3,-3,-6.3364935,1.1988041,7.389036,344.75204,-9.249353,-40.222553,82.01250457763672
2025-05-28 19:45:14.942,-3,-3,-6.32094,1.2014961,7.401898,344.7641,-9.233093,-40.22064,82.01250457763672
2025-05-28 19:45:15.943,-3,-3,-6.328418,1.2074782,7.3896346,344.7541,-9.2381935,-40.21314,82.01250457763672
2025-05-28 19:45:16.933,-3,-3,-6.328119,1.1979069,7.394719,344.76416,-9.241092,-40.21705,82.01250457763672
2025-05-28 19:45:17.980,-3,-3,-6.343373,1.2020943,7.38784,344.74756,-9.225865,-40.225407,82.01250457763672
2025-05-28 19:45:18.942,-3,-3,-6.334998,1.2023934,7.3902326,344.7718,-9.231267,-40.215797,82.01250457763672
2025-05-28 19:45:19.944,-3,-3,-6.3278193,1.2000005,7.4096746,344.77805,-9.213374,-40.25472,82.01250457763672
2025-05-28 19:45:20.967,-3,-3,-6.328418,1.2020943,7.394121,344.7711,-9.224548,-40.20598,82.01250457763672
2025-05-28 19:45:21.945,-3,-3,-6.3332033,1.198505,7.396813,344.7669,-9.220335,-40.20616,82.01250457763672
2025-05-28 19:45:22.945,-3,-3,-6.3287168,1.2035898,7.394719,344.7669,-9.220335,-40.20616,82.01250457763672
2025-05-28 19:45:23.969,-3,-3,-6.3287168,1.2020943,7.3917284,344.7669,-9.220335,-40.20616,82.01250457763672
2025-05-28 19:45:24.947,-3,-3,-6.3182483,1.2104691,7.4030943,344.813,-9.254818,-40.06741,82.01250457763672
2025-05-28 19:45:25.967,-3,-3,-6.326623,1.2002996,7.396813,344.77216,-9.216176,-40.161922,82.01250457763672
2025-05-28 19:45:26.947,-3,-3,-6.324529,1.2023934,7.39442,344.7671,-9.208304,-40.16455,82.01250457763672
2025-05-28 19:45:27.947,-3,-3,-6.3134627,1.1979069,7.3983083,344.7597,-9.200823,-40.164722,82.01250457763672
2025-05-28 19:45:28.972,-3,-3,-6.32094,1.1988041,7.393822,344.75366,-9.194538,-40.164764,82.01250457763672
2025-05-28 19:45:29.970,-3,-3,-6.3254266,1.1988041,7.3935227,344.74655,-9.187367,-40.16494,82.01250457763672
2025-05-28 19:45:30.966,-3,-3,-6.32423,1.2023934,7.399804,344.7381,-9.178657,-40.16544,82.01250457763672
2025-05-28 19:45:31.976,-3,-3,-6.322735,1.2053844,7.4030943,344.72943,-9.169651,-40.165916,82.01250457763672
2025-05-28 19:45:32.950,-3,-3,-6.328418,1.1976078,7.402197,344.71945,-9.159353,-40.166622,82.01250457763672
2025-05-28 19:45:33.974,-3,-3,-6.323931,1.2149557,7.3983083,344.71466,-9.199025,-40.16523,82.01250457763672
2025-05-28 19:45:34.973,-3,-3,-6.2934227,1.1814562,7.3953176,344.71414,-9.209578,-40.156513,82.01250457763672
2025-05-28 19:45:35.977,-3,-3,-6.326025,1.1976078,7.3992057,344.72516,-9.241931,-40.179413,82.01250457763672
2025-05-28 19:45:36.975,-3,-3,-6.330212,1.2008978,7.3992057,344.7212,-9.230447,-40.17366,82.01250457763672
2025-05-28 19:45:37.978,-3,-3,-6.326922,1.2008978,7.39442,344.71222,-9.221454,-40.17409,82.01250457763672
2025-05-28 19:45:38.981,-3,-3,-6.328119,1.1964114,7.4012995,344.7055,-9.214498,-40.174423,82.01250457763672
2025-05-28 19:45:39.967,-3,-3,-6.3236322,1.2023934,7.4042907,344.7055,-9.214498,-40.174423,82.01250457763672
2025-05-28 19:45:41.019,-3,-3,-6.3257256,1.2020943,7.3983083,344.7055,-9.214498,-40.174423,82.01250457763672
2025-05-28 19:45:41.976,-3,-3,-6.3071814,1.2008978,7.402496,344.7101,-9.228599,-40.154762,82.01250457763672
2025-05-28 19:45:42.952,-3,-3,-6.3071814,1.192523,7.3896346,344.7179,-9.245558,-40.146633,82.01250457763672
2025-05-28 19:45:43.947,-3,-3,-6.3254266,1.2050853,7.4010005,344.7212,-9.23879,-40.149483,82.01250457763672
2025-05-28 19:45:44.960,-3,-3,-6.326623,1.2026925,7.3986077,344.7255,-9.243901,-40.150654,82.01250457763672
2025-05-28 19:45:46.313,-3,-3,-6.330212,1.2044871,7.326524,344.71817,-9.236298,-40.15092,82.01250457763672
2025-05-28 19:45:46.957,-3,-3,-6.326922,1.1988041,7.4030943,344.73334,-9.230676,-40.147938,82.01250457763672
2025-05-28 19:45:47.980,-3,-3,-6.3278193,1.2047862,7.402197,344.7233,-9.220134,-40.14914,82.01250457763672
2025-05-28 19:45:48.962,-3,-3,-6.323931,1.2029916,7.4030943,344.71283,-9.209397,-40.14995,82.01250457763672
2025-05-28 19:45:49.961,-3,-3,-6.320342,1.2014961,7.400103,344.70404,-9.200367,-40.150436,82.01250457763672
2025-05-28 19:45:50.959,-3,-3,-6.3254266,1.2002996,7.402197,344.693,-9.188871,-40.1514,82.01250457763672
2025-05-28 19:45:51.962,-3,-3,-6.329315,1.2005987,7.402496,344.6814,-9.176927,-40.15242,82.01250457763672
2025-05-28 19:45:52.964,-3,-3,-6.324529,1.2077773,7.400103,344.6722,-9.1675,-40.152954,82.01250457763672
2025-05-28 19:45:53.986,-3,-3,-6.326922,1.2029916,7.401898,344.6624,-9.1572895,-40.153557,82.01250457763672
2025-05-28 19:45:54.981,-3,-3,-6.330212,1.1991032,7.399505,344.6524,-9.147003,-40.154285,82.01250457763672
2025-05-28 19:45:55.964,-3,-3,-6.3311095,1.2149557,7.437491,344.60358,-9.139745,-40.228153,82.01250457763672
2025-05-28 19:45:56.961,-3,-3,-0.03260221,4.816453,8.222037,267.56073,-27.901937,7.221291,229.0275115966797
2025-05-28 19:45:57.964,-3,-3,0.21774685,5.9473605,7.824829,267.6805,-37.118587,2.022629,181.98001098632812
2025-05-28 19:45:59.001,-3,-3,-0.3074777,5.510371,8.519645,269.59607,-33.731323,0.43375188,207.0225067138672
2025-05-28 19:45:59.986,-3,-3,0.018843478,5.4984074,8.42782,269.23126,-33.85188,0.8094368,207.0225067138672
2025-05-28 19:46:01.019,-3,-3,0.22791636,5.424828,8.117352,269.29053,-34.4826,0.06021667,207.0225067138672
2025-05-28 19:46:01.983,-3,-3,0.06550352,5.5019965,7.6399837,268.69574,-34.973484,0.27504766,207.0225067138672
2025-05-28 19:46:03.330,-3,-3,0.7645068,5.4143596,8.510074,267.73492,-33.73561,3.944589,207.0225067138672
2025-05-28 19:46:03.966,-3,-3,0.5802595,5.328816,8.048558,268.20572,-33.79897,2.471143,207.0225067138672
2025-05-28 19:46:04.990,-3,-3,0.75224364,5.412266,8.399107,267.90103,-34.44233,2.6785977,207.0225067138672
2025-05-28 19:46:05.993,-3,-3,0.70977104,5.503193,7.5469627,267.47894,-35.165108,2.7287579,207.0225067138672
2025-05-28 19:46:06.963,-3,-3,0.47527438,5.5761743,8.204091,267.9284,-35.095528,1.863107,207.0225067138672
2025-05-28 19:46:07.991,-3,-3,0.13489537,5.611169,8.459525,267.90744,-34.453964,1.7836317,207.0225067138672
2025-05-28 19:46:08.991,-3,-3,0.29222345,5.462216,8.674879,268.00574,-34.18821,1.4064089,207.0225067138672
2025-05-28 19:46:09.972,-3,-3,0.15672988,5.5719867,8.363812,268.06094,-34.361378,1.4625381,207.0225067138672
2025-05-28 19:46:10.990,-3,-3,-0.41365921,5.7762737,8.631808,268.01,-33.978016,1.4927974,207.0225067138672
2025-05-28 19:46:11.998,-3,-3,-7.458129,1.282852,1.5281163,326.9621,-21.65935,-69.375046,83.0250015258789
2025-05-28 19:46:12.972,-3,-3,-8.149954,-0.5347959,5.4640107,356.77344,5.4239197,-55.906654,61.02000427246094
2025-05-28 19:46:13.965,-3,-3,-8.146365,-0.52133626,5.482256,356.77148,5.4322524,-55.936935,61.02000427246094
2025-05-28 19:46:14.961,-3,-3,-8.142178,-0.51535416,5.4852467,356.7674,5.442148,-55.937534,61.02000427246094
2025-05-28 19:46:15.973,-3,-3,-8.144271,-0.5159524,5.4843497,356.76318,5.452107,-55.93808,61.02000427246094
2025-05-28 19:46:16.973,-3,-3,-8.14457,-0.51056856,5.483153,356.75925,5.461618,-55.938656,61.02000427246094
2025-05-28 19:46:17.992,-3,-3,-8.14457,-0.5141578,5.4834523,356.75525,5.4712057,-55.939095,54.000003814697266
2025-05-28 19:46:18.975,-3,-3,-8.067102,-0.41365921,5.616254,356.8122,4.28151,-55.003372,54.000003814697266
2025-05-28 19:46:19.971,-3,-3,-8.056634,-0.40558344,5.6180487,356.80975,4.1992435,-55.050182,62.032501220703125
2025-05-28 19:46:20.998,-3,-3,-8.057531,-0.41365921,5.61745,356.80603,4.208196,-55.050716,62.032501220703125
2025-05-28 19:46:21.971,-3,-3,-8.060522,-0.4106682,5.613861,356.80206,4.2178454,-55.05127,62.032501220703125
2025-05-28 19:46:22.973,-3,-3,-8.058429,-0.40977088,5.619245,356.79712,4.2298713,-55.05163,62.032501220703125
2025-05-28 19:46:23.994,-3,-3,-8.060223,-0.40767714,5.6189456,356.79242,4.2412987,-55.05186,62.032501220703125
2025-05-28 19:46:24.976,-3,-3,-8.058727,-0.41306102,5.61745,356.78802,4.252067,-55.052246,62.032501220703125
2025-05-28 19:46:25.972,-3,-3,-8.0614195,-0.4106682,5.6171513,356.78412,4.261374,-55.05286,62.032501220703125
2025-05-28 19:46:27.001,-3,-3,-8.063513,-0.40887356,5.6171513,356.78027,4.270801,-55.053387,62.032501220703125
2025-05-28 19:46:27.976,-3,-3,-8.063214,-0.41455653,5.6126647,356.77652,4.2798667,-55.053978,62.032501220703125
2025-05-28 19:46:29.004,-3,-3,-8.05125,-0.41006997,5.619245,356.77234,4.290109,-55.05451,62.032501220703125
2025-05-28 19:46:29.975,-3,-3,-8.05125,-0.40408793,5.6327047,356.77557,4.1635246,-55.052307,62.032501220703125
2025-05-28 19:46:31.313,-3,-3,-8.062616,-0.42831525,5.5965133,356.77173,4.064246,-55.03402,62.032501220703125
2025-05-28 19:46:31.977,-3,-3,-8.053344,-0.41365921,5.611169,356.77167,4.1026936,-55.03656,62.032501220703125
2025-05-28 19:46:32.975,-3,-3,-8.062616,-0.40947178,5.616553,356.7708,4.1216545,-55.055515,62.032501220703125
2025-05-28 19:46:33.977,-3,-3,-8.061719,-0.40827537,5.619245,356.767,4.130901,-55.05609,62.032501220703125
2025-05-28 19:46:35.060,-3,-3,-8.059326,-0.41635114,5.616553,356.76248,4.1420774,-55.05659,62.032501220703125
2025-05-28 19:46:35.976,-3,-3,-8.058429,-0.4118646,5.6150575,356.75815,4.15244,-55.05713,62.032501220703125
2025-05-28 19:46:36.982,-3,-3,-8.063214,-0.4121637,5.6150575,356.75458,4.1612406,-55.05759,62.032501220703125
2025-05-28 19:46:38.000,-3,-3,-8.058727,-0.4106682,5.619544,356.7511,4.1696014,-55.058163,62.032501220703125
2025-05-28 19:46:38.996,-3,-3,-8.059924,-0.41485563,5.6183476,356.74768,4.177904,-55.05883,62.032501220703125
2025-05-28 19:46:39.982,-3,-3,-8.058429,-0.4103691,5.619843,356.74304,4.1891327,-55.059246,62.032501220703125
2025-05-28 19:46:40.977,-3,-3,-8.039585,-0.39361933,5.642276,356.7912,4.005278,-54.91901,56.025001525878906
2025-05-28 19:46:42.026,-3,-3,-8.042277,-0.39750767,5.646164,356.7904,4.0048227,-54.89628,62.977500915527344
2025-05-28 19:46:42.983,-3,-3,-8.047361,-0.39690945,5.6497536,356.7858,4.015999,-54.896637,62.977500915527344
2025-05-28 19:46:44.008,-3,-3,-8.046464,-0.3924229,5.649454,356.78143,4.026831,-54.89702,62.977500915527344
2025-05-28 19:46:45.002,-3,-3,-8.046763,-0.39601216,5.6497536,356.77728,4.036906,-54.897526,62.977500915527344
2025-05-28 19:46:46.049,-3,-3,-8.043773,-0.39840496,5.6557355,356.77362,4.045677,-54.89814,62.977500915527344
2025-05-28 19:46:46.974,-3,-3,-8.050353,-0.39361933,5.640182,356.7616,4.0247464,-54.878998,62.977500915527344
2025-05-28 19:46:47.972,-3,-3,-8.038688,-0.3900301,5.65753,356.77057,3.924535,-54.78547,62.977500915527344
2025-05-28 19:46:48.988,-3,-3,-8.037192,-0.3915256,5.6557355,356.76862,3.9346433,-54.77941,62.977500915527344
2025-05-28 19:46:49.979,-3,-3,-8.038987,-0.3819543,5.6533427,356.76544,3.9423327,-54.780064,62.977500915527344
2025-05-28 19:46:50.985,-3,-3,-8.036594,-0.38524446,5.660222,356.76093,3.9533832,-54.78061,62.977500915527344
2025-05-28 19:46:51.989,-3,-3,-8.0359955,-0.38823548,5.6533427,356.7563,3.964798,-54.78107,62.977500915527344
2025-05-28 19:46:52.984,-3,-3,-8.036295,-0.39361933,5.6521463,356.75684,3.9169877,-54.767796,62.977500915527344
2025-05-28 19:46:53.984,-3,-3,-8.039884,-0.38853458,5.6482577,356.75586,3.918063,-54.803608,62.977500915527344
2025-05-28 19:46:54.988,-3,-3,-8.03779,-0.39601216,5.6479588,356.75516,3.9220598,-54.84682,62.977500915527344
2025-05-28 19:46:56.002,-3,-3,-8.041978,-0.38733816,5.6557355,356.75604,3.921612,-54.82563,62.977500915527344
2025-05-28 19:46:57.034,-3,-3,-8.048259,-0.38374892,5.6676993,356.75525,3.9519181,-54.81087,62.977500915527344
2025-05-28 19:46:58.345,-3,-3,-8.040781,-0.38404804,5.654539,356.75494,3.9656477,-54.805336,62.977500915527344
2025-05-28 19:46:58.984,-3,-3,-8.037491,-0.38135612,5.655137,356.75336,3.947714,-54.821613,62.977500915527344
2025-05-28 19:47:00.002,-3,-3,-8.035098,-0.38404804,5.6557355,356.75244,3.9071193,-54.82003,62.977500915527344
2025-05-28 19:47:00.987,-3,-3,-8.035398,-0.38404804,5.6539407,356.7472,3.9176505,-54.82052,62.977500915527344
2025-05-28 19:47:01.985,-3,-3,-8.037192,-0.3906283,5.6467624,356.7431,3.9275339,-54.821045,56.025001525878906
2025-05-28 19:47:02.985,-3,-3,-8.036295,-0.3819543,5.649155,356.75635,3.9117537,-54.8468,56.025001525878906
2025-05-28 19:47:03.992,-3,-3,-8.028817,-0.38255253,5.654539,356.76608,3.8585482,-54.76287,62.032501220703125
2025-05-28 19:47:05.008,-3,-3,-8.030612,-0.38285163,5.656633,356.76053,3.8783193,-54.76462,62.032501220703125
2025-05-28 19:47:06.006,-3,-3,-8.027022,-0.38255253,5.660222,356.75568,3.8901591,-54.764946,62.032501220703125
2025-05-28 19:47:06.990,-3,-3,-8.026424,-0.38374892,5.6590257,356.75146,3.9005628,-54.765427,62.032501220703125
2025-05-28 19:47:08.011,-3,-3,-8.026724,-0.38584265,5.6596236,356.7473,3.9105284,-54.76594,62.032501220703125
2025-05-28 19:47:09.006,-3,-3,-8.030014,-0.38883367,5.6578293,356.74344,3.9199767,-54.76646,62.032501220703125
2025-05-28 19:47:10.333,-3,-3,-8.027621,-0.38554356,5.660521,356.741,3.880677,-54.763176,62.032501220703125
2025-05-28 19:47:10.992,-3,-3,-8.027621,-0.3801597,5.6671014,356.74066,3.8411477,-54.73224,62.032501220703125
2025-05-28 19:47:12.042,-3,-3,-8.023434,-0.38434714,5.660521,356.73883,3.8309627,-54.737534,62.032501220703125
2025-05-28 19:47:12.989,-3,-3,-8.037491,-0.39541394,5.6781683,356.74323,3.8169959,-54.721996,62.032501220703125
2025-05-28 19:47:13.990,-3,-3,-8.026424,-0.40259242,5.6503515,356.74045,3.8309853,-54.764297,62.032501220703125
2025-05-28 19:47:14.993,-3,-3,-8.028219,-0.38315073,5.6620164,356.73615,3.8451798,-54.76058,62.032501220703125
2025-05-28 19:47:16.053,-3,-3,-8.032407,-0.38644084,5.660222,356.73663,3.8320713,-54.742172,62.032501220703125
2025-05-28 19:47:16.990,-3,-3,-8.03121,-0.3804588,5.6620164,356.73218,3.842875,-54.742645,62.032501220703125
2025-05-28 19:47:17.992,-3,-3,-8.027621,-0.3804588,5.662615,356.72815,3.8528228,-54.743214,62.032501220703125
2025-05-28 19:47:18.992,-3,-3,-8.033603,-0.37956148,5.6614184,356.7246,3.861295,-54.74387,62.032501220703125
2025-05-28 19:47:19.978,-3,-3,-8.027022,-0.38614175,5.6650076,356.7214,3.8691766,-54.74452,62.032501220703125
2025-05-28 19:47:20.989,-3,-3,-8.026424,-0.3804588,5.6593246,356.71704,3.8798292,-54.74489,62.032501220703125
2025-05-28 19:47:22.010,-3,-3,-8.024032,-0.38524446,5.660222,356.7132,3.8892143,-54.74544,62.032501220703125
2025-05-28 19:47:22.996,-3,-3,-8.02463,-0.38434714,5.6593246,356.7096,3.8978584,-54.746105,62.032501220703125
2025-05-28 19:47:23.993,-3,-3,-8.02792,-0.38733816,5.6647086,356.7063,3.9059906,-54.74682,62.032501220703125
2025-05-28 19:47:24.995,-3,-3,-8.011469,-0.35862428,5.6820564,356.74683,3.676763,-54.592293,56.025001525878906
2025-05-28 19:47:26.320,-3,-3,-8.02792,-0.37686956,5.663512,356.70975,3.8259993,-54.716293,62.977500915527344
2025-05-28 19:47:26.995,-3,-3,-8.021938,-0.3804588,5.666503,356.70483,3.8380423,-54.716866,62.977500915527344
2025-05-28 19:47:28.017,-3,-3,-8.025826,-0.381057,5.6653066,356.70096,3.8474238,-54.717514,62.977500915527344
2025-05-28 19:47:29.005,-3,-3,-8.021041,-0.37627137,5.669195,356.69763,3.8555274,-54.718136,62.977500915527344
2025-05-28 19:47:29.993,-3,-3,-8.02792,-0.3801597,5.6647086,356.69305,3.8667545,-54.718533,62.977500915527344
2025-05-28 19:47:31.054,-3,-3,-8.02792,-0.3807579,5.6620164,356.68878,3.877076,-54.719044,62.977500915527344
2025-05-28 19:47:32.001,-3,-3,-8.030612,-0.37387854,5.668298,356.68472,3.8870568,-54.719486,62.977500915527344
2025-05-28 19:47:32.995,-3,-3,-8.027621,-0.37686956,5.675476,356.6855,3.829713,-54.68652,62.977500915527344
2025-05-28 19:47:33.996,-3,-3,-8.024929,-0.37627137,5.676972,356.68494,3.810823,-54.676853,62.977500915527344
2025-05-28 19:47:34.993,-3,-3,-8.028219,-0.37447673,5.680262,356.68164,3.7766938,-54.675865,62.977500915527344
2025-05-28 19:47:35.996,-3,-3,-8.019246,-0.37447673,5.6730833,356.67657,3.7947268,-54.67089,62.977500915527344
2025-05-28 19:47:37.018,-3,-3,-8.025826,-0.37716866,5.6730833,356.67264,3.8043108,-54.671337,62.977500915527344
2025-05-28 19:47:38.031,-3,-3,-8.025527,-0.37447673,5.6706905,356.66898,3.8132293,-54.671906,62.977500915527344
2025-05-28 19:47:38.996,-3,-3,-8.025527,-0.37537405,5.671887,356.66556,3.8214674,-54.67255,62.977500915527344
2025-05-28 19:47:40.002,-3,-3,-8.0252285,-0.37657046,5.672186,356.6612,3.8321912,-54.672997,62.977500915527344
2025-05-28 19:47:41.016,-3,-3,-8.0252285,-0.37627137,5.666204,356.65686,3.8428469,-54.673363,62.977500915527344
2025-05-28 19:47:41.995,-3,-3,-8.0345,-0.37716866,5.6688957,356.65305,3.8521645,-54.67392,62.977500915527344
2025-05-28 19:47:43.001,-3,-3,-8.025527,-0.37088752,5.671289,356.64966,3.860413,-54.67462,62.977500915527344
2025-05-28 19:47:43.997,-3,-3,-8.023134,-0.37387854,5.6676993,356.64532,3.8708868,-54.67514,62.977500915527344
2025-05-28 19:47:45.016,-3,-3,-8.0252285,-0.37537405,5.6706905,356.6413,3.880835,-54.675667,62.977500915527344
2025-05-28 19:47:45.994,-3,-3,-8.0252285,-0.37836507,5.66411,356.63748,3.8901095,-54.67606,62.977500915527344
2025-05-28 19:47:46.999,-3,-3,-8.026724,-0.37686956,5.671289,356.6338,3.8990924,-54.676605,55.01250076293945
2025-05-28 19:47:47.995,-3,-3,-8.021938,-0.37208393,5.669195,356.63013,3.9080756,-54.67717,55.01250076293945
2025-05-28 19:47:48.997,-3,-3,-8.027022,-0.381057,5.6671014,356.62592,3.918455,-54.677692,55.01250076293945
2025-05-28 19:47:50.366,-3,-3,-8.03121,-0.37657046,5.663512,356.622,3.927828,-54.67827,55.01250076293945
2025-05-28 19:47:50.997,-3,-3,-8.024331,-0.37657046,5.669793,356.61877,3.9357553,-54.6789,55.01250076293945
2025-05-28 19:47:51.998,-3,-3,-8.030313,-0.37298122,5.665905,356.61462,3.9459045,-54.679325,55.01250076293945
2025-05-28 19:47:52.997,-3,-3,-8.02463,-0.3807579,5.6620164,356.61035,3.9563453,-54.6798,55.01250076293945
2025-05-28 19:47:53.992,-3,-3,-8.030612,-0.38374892,5.6593246,356.6066,3.9654226,-54.680378,55.01250076293945
2025-05-28 19:47:54.997,-3,-3,-8.032407,-0.3786642,5.6527443,356.603,3.745596,-54.783646,55.01250076293945
2025-05-28 19:47:56.007,-3,-3,-8.026724,-0.3792624,5.6590257,356.5999,3.7257478,-54.797363,55.01250076293945
2025-05-28 19:47:56.998,-3,-3,-6.311668,0.71455663,7.466504,357.27298,-5.469615,-40.23352,66.01499938964844
2025-05-28 19:47:58.049,-3,-3,-6.3134627,0.7199405,7.4682984,357.26996,-5.4739656,-40.166294,73.9800033569336
2025-05-28 19:47:59.029,-3,-3,-6.3125653,0.72382885,7.4733834,357.26996,-5.4739656,-40.166294,73.9800033569336
2025-05-28 19:48:00.007,-3,-3,-6.3125653,0.7190432,7.4712896,357.26996,-5.4739656,-40.166294,73.9800033569336
2025-05-28 19:48:01.054,-3,-3,-6.3122663,0.7175477,7.474879,357.26996,-5.4739656,-40.166294,73.9800033569336
